{
    "Entitys": [
        {
            "m.position": {
                "x": -8.0,
                "y": 1.0,
                "z": 0.0
            },
            "m.scale": {
                "x": 1.0,
                "y": 1.0,
                "z": 1.0
            },
            "m.rotation": {
                "x": 0.0,
                "y": 0.0,
                "z": 0.0
            },
            "m.name_": "2B_0"
        },
        {
            "m.position": {
                "x": 0.0,
                "y": 1.0,
                "z": 0.0
            },
            "m.scale": {
                "x": 1.0,
                "y": 1.0,
                "z": 1.0
            },
            "m.rotation": {
                "x": 0.0,
                "y": 0.0,
                "z": 0.0
            },
            "m.name_": "2B_1"
        },
        {
            "m.position": {
                "x": 8.0,
                "y": 1.0,
                "z": 0.0
            },
            "m.scale": {
                "x": 1.0,
                "y": 1.0,
                "z": 1.0
            },
            "m.rotation": {
                "x": 0.0,
                "y": 0.0,
                "z": 0.0
            },
            "m.name_": "2B_2"
        },
        {
            "m.position": {
                "x": 0.0,
                "y": 0.0,
                "z": 0.0
            },
            "m.scale": {
                "x": 25.0,
                "y": 1.0,
                "z": 25.0
            },
            "m.rotation": {
                "x": 0.0,
                "y": 0.0,
                "z": 0.0
            },
            "m.name_": "no_name"
        }
    ],
    "Cameras": [
        {
            "m.position": {
                "x": -0.09586262702941895,
                "y": 27.13685417175293,
                "z": 24.139894485473634
            },
            "m.nearfar": {
                "x": 0.10000000149011612,
                "y": 200.0
            },
            "m.direction": {
                "x": -0.04753308743238449,
                "y": -0.7396310567855835,
                "z": -0.6713318824768066
            },
            "m.rotation": {
                "x": -47.70000076293945,
                "y": 184.05001831054688
            },
            "m.typeCamera": 0
        }
    ],
    "DirectionalLight": [
        {
            "m.position": {
                "x": 0.0,
                "y": 51.0,
                "z": -59.0
            },
            "m.direction": {
                "x": 0.0,
                "y": -1.0,
                "z": 0.0
            },
            "m.typeL": 0,
            "m.color": {
                "x": 0.5,
                "y": 0.5,
                "z": 0.5
            },
            "m.intesity": 1.0
        },
        {
            "m.position": {
                "x": 0.0,
                "y": 51.0,
                "z": 59.0
            },
            "m.direction": {
                "x": 0.0,
                "y": -1.0,
                "z": 0.0
            },
            "m.typeL": 0,
            "m.color": {
                "x": 0.5,
                "y": 0.5,
                "z": 0.5
            },
            "m.intesity": 1.0
        }
    ]
}